INSERT INTO wuwa_resources (id, uncommon_name, rare_name, epic_name, legendary_name, created_at, updated_at)
VALUES
-- Dungeon
(2, 'Impure Phlogiston', 'Extracted Phlogiston', 'Refined Phlogiston', 'Flawless Phlogiston', NOW(), NOW()),
(3, 'Lento Helix', 'Adagio Helix', 'Andante Helix', 'Presto Helix', NOW(), NOW()),
(5, 'Inert Metallic Drip', 'Reactive Metallic Drip', 'Polarized Metallic Drip', 'Heterized Metallic Drip', NOW(), NOW()),
(7, 'Waveworn Residue 210', 'Waveworn Residue 226', 'Waveworn Residue 235', 'Waveworn Residue 239', NOW(), NOW()),
(10, 'Cadence Seed', 'Cadence Bud', 'Cadence Leaf', 'Cadence Blossom', NOW(), NOW()),

-- Mob
(1, 'LF Howler Core', 'MF Howler Core', 'HF Howler Core', 'FF Howler Core', NOW(), NOW()),
(4, 'LF Tidal Residuum', 'MF Tidal Residuum', 'HF Tidal Residuum', 'FF Tidal Residuum', NOW(), NOW()),
(8, 'LF Whisperin Core', 'MF Whisperin Core', 'HF Whisperin Core', 'FF Whisperin Core', NOW(), NOW()),
(9, 'LF Polygon Core', 'MF Polygon Core', 'HF Polygon Core', 'FF Polygon Core', NOW(), NOW()),
(6, 'Crude Ring', 'Basic Ring', 'Improved Ring', 'Tailored Ring', NOW(), NOW());


INSERT INTO wuwa_ascensions (id, local_specialty, boss_material, mob_material_id, created_at, updated_at)
VALUES
(1, 'Wintry Bell', 'Roaring Rock Fist', 1, NOW(), NOW()),
(2, 'Lanternberry', 'Sound-Keeping Tacet Core', 1, NOW(), NOW()),
(3, 'Golden Fleece', 'Blazing Bone', 4, NOW(), NOW()),
(4, 'Iris', 'Thundering Tacet Core', 6, NOW(), NOW()),
(5, 'Topological Confinement', 'Nova', 7, NOW(), NOW()),
(6, 'Seaside Cendrelis', 'Cleansing Conch', 9, NOW(), NOW()),
(7, 'Sword Acorus', 'Platinum Core', 9, NOW(), NOW()),
(8, 'Pavo Plum', 'Rage Tacet Core', 6, NOW(), NOW()),
(9, 'Belle Poppy', 'Rage Tacet Core', 8, NOW(), NOW()),
(10, 'Belle Poppy', 'Strife Tacet Core', 6, NOW(), NOW()),
(11, 'Pecok Flower', 'Rage Tacet Core', 8, NOW(), NOW()),
(12, 'Lanternberry', 'Roaring Rock Fist', 1, NOW(), NOW()),
(13, 'Loong''s Pearl', 'Elegy Tacet Core', 1, NOW(), NOW()),
(14, 'Pecok Flower', 'Roaring Rock Fist', 1, NOW(), NOW()),
(15, 'Coriolus', 'Sound-Keeping Tacet Core', 8, NOW(), NOW()),
(16, 'Terraspawn Fungus', 'Thundering Tacet Core', 1, NOW(), NOW()),
(17, 'Coriolus', 'Rage Tacet Core', 8, NOW(), NOW()),
(18, 'Firecracker Jewelweed', 'Cleansing Conch', 8, NOW(), NOW()),
(19, 'Firecracker Jewelweed', 'Cleansing Conch', 4, NOW(), NOW()),
(20, 'Pecok Flower', 'Mysterious Code', 8, NOW(), NOW()),
(21, 'Wintry Bell', 'Sound-Keeping Tacet Core', 8, NOW(), NOW()),
(22, 'Iris', 'Gold-Dissolving Feather', 1, NOW(), NOW()),
(23, 'Novas', 'Topological Confinement', 8, NOW(), NOW()),
(24, 'Belle Poppy', 'Elegy Tacet Core', 1, NOW(), NOW()),
(25, 'Violet Coral', 'Hidden Thunder Tacet Core', 8, NOW(), NOW()),
(26, 'Wintry Bell', 'Roaring Rock Fist', 6, NOW(), NOW()),
(27, 'Coriolus', 'Group Abomination Tacet Core', 8, NOW(), NOW()),
(28, 'Violet Coral', 'Topological Confinement', 6, NOW(), NOW()),
(29, 'Terraspawn Fungus', 'Hidden Thunder Tacet Core', 6, NOW(), NOW()),
(30, 'Sword Acorus', 'Platinum Core', 9, NOW(), NOW()),
(31, 'Lanternberry', 'Sound-Keeping Tacet Core', 1, NOW(), NOW()),
(32, 'Golden Fleece', 'Blazing Bone', 4,  NOW(), NOW()),
(33, 'Bamboo Iris', 'Unfading Glory', 4, NOW(), NOW())
;

INSERT INTO wuwa_talents (id, dungeon_material_id, mob_material_id, boss_material, created_at, updated_at)
VALUES
(1, 2, 1, 'Monument Bell', NOW(), NOW()),
(2, 3, 1, 'Monument Bell', NOW(), NOW()),
(3, 5, 4, 'The Netherworld''s Stare', NOW(), NOW()),
(4, 7, 6, 'Monument Bell', NOW(), NOW()),
(5, 5, 8, 'Dreamless Feather', NOW(), NOW()),
(6, 3, 9, 'When Irises Bloom', NOW(), NOW()),
(7, 2, 9, 'The Netherworld''s Stare', NOW(), NOW()),
(8, 5, 6, 'Sentinel''s Dagger', NOW(), NOW()),
(9, 2, 8, 'Monument Bell', NOW(), NOW()),
(10, 5, 6, 'Unwarranted Feather', NOW(), NOW()),
(11, 3, 8, 'Unending Destruction', NOW(), NOW()),
(12, 10, 1, 'Unending Destruction', NOW(), NOW()),
(13, 7, 1, 'Sentinel''s Dagger', NOW(), NOW()),
(14, 7, 1, 'Monument Bell', NOW(), NOW()),
(15, 10, 8, 'Unending Destruction', NOW(), NOW()),
(16, 7, 1, 'Sentinel''s Dagger', NOW(), NOW()),
(17, 2, 8, 'Monument Bell', NOW(), NOW()),
(18, 3, 8, 'Sentinel''s Dagger', NOW(), NOW()),
(19, 10, 4, 'The Netherworld''s Stare', NOW(), NOW()),
(20, 5, 8, 'Unending Destruction', NOW(), NOW()),
(21, 5, 8, 'Unending Destruction', NOW(), NOW()),
(22, 7, 1, 'Unwarranted Feather', NOW(), NOW()),
(23, 3, 8, 'Sentinel''s Dagger', NOW(), NOW()),
(24, 3, 1, 'Monument Bell', NOW(), NOW()),
(25, 10, 8, 'Unending Destruction', NOW(), NOW()),
(26, 5, 6, 'Unending Destruction', NOW(), NOW()),
(27, 3, 8, 'Unwarranted Feather', NOW(), NOW()),
(28, 10, 6, 'Monument Bell', NOW(), NOW()),
(29, 10, 6, 'Unending Destruction', NOW(), NOW()),
(30, 10, 9, 'The Netherworld''s Stare', NOW(), NOW()),
(31, 3, 1, 'Monument Bell', NOW(), NOW()),
(32, 2, 4, 'When Irises Bloom', NOW(), NOW()),
(33, 5, 4, 'When Irises Bloom', NOW(), NOW())
;

INSERT INTO wuwa_characters (id, name, element, weapon_type, rarity, ascension_id, talents_id, created_at, updated_at)
VALUES
    (1, 'Yangyang', 'Aero', 'Sword', 4, 26, 26, CURRENT_TIMESTAMP, CURRENT_TIMESTAMP),
    (2, 'Chixia', 'Fusion', 'Pistols', 4, 9, 9, CURRENT_TIMESTAMP, CURRENT_TIMESTAMP),
    (3, 'Brant', 'Fusion', 'Sword', 5, 3, 3, CURRENT_TIMESTAMP, CURRENT_TIMESTAMP),
    (4, 'Calcharo', 'Electro', 'Broadblade', 5, 4, 4, CURRENT_TIMESTAMP, CURRENT_TIMESTAMP),
    (5, 'Camellya', 'Havoc', 'Sword', 5, 5, 5, CURRENT_TIMESTAMP, CURRENT_TIMESTAMP),
    (6, 'Cantarella', 'Havoc', 'Rectifier', 5, 6, 6, CURRENT_TIMESTAMP, CURRENT_TIMESTAMP),
    (7, 'Carlotta', 'Glacio', 'Pistols', 5, 7, 7, CURRENT_TIMESTAMP, CURRENT_TIMESTAMP),
    (8, 'Changli', 'Fusion', 'Sword', 5, 8, 8, CURRENT_TIMESTAMP, CURRENT_TIMESTAMP),
    (9, 'Encore', 'Fusion', 'Rectifier', 5, 11, 11, CURRENT_TIMESTAMP, CURRENT_TIMESTAMP),
    (10, 'Jianxin', 'Aero', 'Gauntlets', 5, 12, 12, CURRENT_TIMESTAMP, CURRENT_TIMESTAMP),
    (11, 'Jinhsi', 'Spectro', 'Broadblade', 5, 13, 13, CURRENT_TIMESTAMP, CURRENT_TIMESTAMP),
    (12, 'Jiyan', 'Aero', 'Broadblade', 5, 14, 14, CURRENT_TIMESTAMP, CURRENT_TIMESTAMP),
    (13, 'Lingyang', 'Glacio', 'Gauntlets', 5, 15, 15, CURRENT_TIMESTAMP, CURRENT_TIMESTAMP),
    (14, 'Phoebe', 'Spectro', 'Rectifier', 5, 18, 18, CURRENT_TIMESTAMP, CURRENT_TIMESTAMP),
    (15, 'Roccia', 'Havoc', 'Gauntlets', 5, 19, 19, CURRENT_TIMESTAMP, CURRENT_TIMESTAMP),
    (16, 'Rover (Aero)', 'Aero', 'Sword', 5, 20, 20, CURRENT_TIMESTAMP, CURRENT_TIMESTAMP),
    (17, 'Rover (Havoc)', 'Havoc', 'Sword',  5, 20, 20, CURRENT_TIMESTAMP, CURRENT_TIMESTAMP),
    (18, 'Rover (Spectro)', 'Spectro', 'Sword', 5, 20, 20, CURRENT_TIMESTAMP, CURRENT_TIMESTAMP),
    (19, 'Shorekeeper', 'Spectro', 'Rectifier', 5, 23, 23, CURRENT_TIMESTAMP, CURRENT_TIMESTAMP),
    (20, 'Verina', 'Spectro', 'Rectifier', 5, 24, 24, CURRENT_TIMESTAMP, CURRENT_TIMESTAMP),
    (21, 'Xiangli Yao', 'Electro', 'Gauntlets', 5, 25, 25, CURRENT_TIMESTAMP, CURRENT_TIMESTAMP),
    (22, 'Yinlin', 'Electro', 'Rectifier', 5, 27, 27, CURRENT_TIMESTAMP, CURRENT_TIMESTAMP),
    (23, 'Zani', 'Spectro', 'Gauntlets', 5, 30, 30, CURRENT_TIMESTAMP, CURRENT_TIMESTAMP),
    (24, 'Zhezhi', 'Glacio', 'Rectifier', 5, 31, 31, CURRENT_TIMESTAMP, CURRENT_TIMESTAMP),
    (25, 'Aalto', 'Aero', 'Pistols', 4, 1, 1, CURRENT_TIMESTAMP, CURRENT_TIMESTAMP),
    (26, 'Baizhi', 'Glacio', 'Rectifier', 4, 2, 2, CURRENT_TIMESTAMP, CURRENT_TIMESTAMP),
    (27, 'Danjin', 'Havoc', 'Sword', 4, 10, 10, CURRENT_TIMESTAMP, CURRENT_TIMESTAMP),
    (28, 'Lumi', 'Electro', 'Broadblade', 4, 16, 16, CURRENT_TIMESTAMP, CURRENT_TIMESTAMP),
    (29, 'Mortefi', 'Fusion', 'Pistols', 4, 17, 17, CURRENT_TIMESTAMP, CURRENT_TIMESTAMP),
    (30, 'Sanhua', 'Glacio', 'Sword', 4, 21, 21, CURRENT_TIMESTAMP, CURRENT_TIMESTAMP),
    (31, 'Taoqi', 'Havoc', 'Broadblade', 4, 22, 22, CURRENT_TIMESTAMP, CURRENT_TIMESTAMP),
    (32, 'Youhu', 'Glacio', 'Gauntlets', 4, 28, 28, CURRENT_TIMESTAMP, CURRENT_TIMESTAMP),
    (33, 'Yuanwu', 'Electro', 'Gauntlets', 4, 29, 29, CURRENT_TIMESTAMP, CURRENT_TIMESTAMP),
    (34, 'Ciaccona', 'Aero', 'Pistols', 5, 32, 32, CURRENT_TIMESTAMP, CURRENT_TIMESTAMP),
    (35, 'Cartethyia', 'Aero', 'Cartethyia', 5, 33, 33, CURRENT_TIMESTAMP, CURRENT_TIMESTAMP),
    